type,id,addr,size,len,wstrb
AR,1,0xC0000,64,64,
AR,1,0xC1000,64,64,
AR,1,0xC2000,64,64,
AR,1,0xC3000,64,64,
AR,1,0xC4000,64,64,
AR,1,0xC5000,64,64,
AR,1,0xC6000,64,64,
AR,1,0xC7000,64,64,
AR,1,0xC8000,64,64,
AR,1,0xC9000,64,64,
AR,1,0xCA000,64,64,
AR,1,0xCB000,64,64,
AR,1,0xCC000,64,64,
AR,1,0xCD000,64,64,
AR,1,0xCE000,64,64,
AR,1,0xCF000,64,64,
AR,1,0xD0000,64,64,
AR,1,0xD1000,64,64,
AR,1,0xD2000,64,64,
AR,1,0xD3000,64,64,
AR,1,0xD4000,64,64,
AR,1,0xD5000,64,64,
AR,1,0xD6000,64,64,
AR,1,0xD7000,64,64,
AR,1,0xD8000,64,64,
AR,1,0xD9000,64,64,
AR,1,0xDA000,64,64,
AR,1,0xDB000,64,64,
AR,1,0xDC000,64,64,
AR,1,0xDD000,64,64,
AR,1,0xDE000,64,64,
AR,1,0xDF000,64,64,
AR,1,0xE0000,64,64,
AR,1,0xE1000,64,64,
AR,1,0xE2000,64,64,
AR,1,0xE3000,64,64,
AR,1,0xE4000,64,64,
AR,1,0xE5000,64,64,
AR,1,0xE6000,64,64,
AR,1,0xE7000,64,64,
AR,1,0xE8000,64,64,
AR,1,0xE9000,64,64,
AR,1,0xEA000,64,64,
AR,1,0xEB000,64,64,
AR,1,0xEC000,64,64,
AR,1,0xED000,64,64,
AR,1,0xEE000,64,64,
AR,1,0xEF000,64,64,
AR,1,0xF0000,64,64,
AR,1,0xF1000,64,64,
AR,1,0xF2000,64,64,
AR,1,0xF3000,64,64,
AR,1,0xF4000,64,64,
AR,1,0xF5000,64,64,
AR,1,0xF6000,64,64,
AR,1,0xF7000,64,64,
AR,1,0xF8000,64,64,
AR,1,0xF9000,64,64,
AR,1,0xFA000,64,64,
AR,1,0xFB000,64,64,
AR,1,0xFC000,64,64,
AR,1,0xFD000,64,64,
AR,1,0xFE000,64,64,
AR,1,0xFF000,64,64,
BARRIER
AR,1,0x1C0000,64,64,
AR,1,0x1C1000,64,64,
AR,1,0x1C2000,64,64,
AR,1,0x1C3000,64,64,
AR,1,0x1C4000,64,64,
AR,1,0x1C5000,64,64,
AR,1,0x1C6000,64,64,
AR,1,0x1C7000,64,64,
AR,1,0x1C8000,64,64,
AR,1,0x1C9000,64,64,
AR,1,0x1CA000,64,64,
AR,1,0x1CB000,64,64,
AR,1,0x1CC000,64,64,
AR,1,0x1CD000,64,64,
AR,1,0x1CE000,64,64,
AR,1,0x1CF000,64,64,
AR,1,0x1D0000,64,64,
AR,1,0x1D1000,64,64,
AR,1,0x1D2000,64,64,
AR,1,0x1D3000,64,64,
AR,1,0x1D4000,64,64,
AR,1,0x1D5000,64,64,
AR,1,0x1D6000,64,64,
AR,1,0x1D7000,64,64,
AR,1,0x1D8000,64,64,
AR,1,0x1D9000,64,64,
AR,1,0x1DA000,64,64,
AR,1,0x1DB000,64,64,
AR,1,0x1DC000,64,64,
AR,1,0x1DD000,64,64,
AR,1,0x1DE000,64,64,
AR,1,0x1DF000,64,64,
AR,1,0x1E0000,64,64,
AR,1,0x1E1000,64,64,
AR,1,0x1E2000,64,64,
AR,1,0x1E3000,64,64,
AR,1,0x1E4000,64,64,
AR,1,0x1E5000,64,64,
AR,1,0x1E6000,64,64,
AR,1,0x1E7000,64,64,
AR,1,0x1E8000,64,64,
AR,1,0x1E9000,64,64,
AR,1,0x1EA000,64,64,
AR,1,0x1EB000,64,64,
AR,1,0x1EC000,64,64,
AR,1,0x1ED000,64,64,
AR,1,0x1EE000,64,64,
AR,1,0x1EF000,64,64,
AR,1,0x1F0000,64,64,
AR,1,0x1F1000,64,64,
AR,1,0x1F2000,64,64,
AR,1,0x1F3000,64,64,
AR,1,0x1F4000,64,64,
AR,1,0x1F5000,64,64,
AR,1,0x1F6000,64,64,
AR,1,0x1F7000,64,64,
AR,1,0x1F8000,64,64,
AR,1,0x1F9000,64,64,
AR,1,0x1FA000,64,64,
AR,1,0x1FB000,64,64,
AR,1,0x1FC000,64,64,
AR,1,0x1FD000,64,64,
AR,1,0x1FE000,64,64,
AR,1,0x1FF000,64,64,
BARRIER
AR,1,0x2C0000,64,64,
AR,1,0x2C1000,64,64,
AR,1,0x2C2000,64,64,
AR,1,0x2C3000,64,64,
AR,1,0x2C4000,64,64,
AR,1,0x2C5000,64,64,
AR,1,0x2C6000,64,64,
AR,1,0x2C7000,64,64,
AR,1,0x2C8000,64,64,
AR,1,0x2C9000,64,64,
AR,1,0x2CA000,64,64,
AR,1,0x2CB000,64,64,
AR,1,0x2CC000,64,64,
AR,1,0x2CD000,64,64,
AR,1,0x2CE000,64,64,
AR,1,0x2CF000,64,64,
AR,1,0x2D0000,64,64,
AR,1,0x2D1000,64,64,
AR,1,0x2D2000,64,64,
AR,1,0x2D3000,64,64,
AR,1,0x2D4000,64,64,
AR,1,0x2D5000,64,64,
AR,1,0x2D6000,64,64,
AR,1,0x2D7000,64,64,
AR,1,0x2D8000,64,64,
AR,1,0x2D9000,64,64,
AR,1,0x2DA000,64,64,
AR,1,0x2DB000,64,64,
AR,1,0x2DC000,64,64,
AR,1,0x2DD000,64,64,
AR,1,0x2DE000,64,64,
AR,1,0x2DF000,64,64,
AR,1,0x2E0000,64,64,
AR,1,0x2E1000,64,64,
AR,1,0x2E2000,64,64,
AR,1,0x2E3000,64,64,
AR,1,0x2E4000,64,64,
AR,1,0x2E5000,64,64,
AR,1,0x2E6000,64,64,
AR,1,0x2E7000,64,64,
AR,1,0x2E8000,64,64,
AR,1,0x2E9000,64,64,
AR,1,0x2EA000,64,64,
AR,1,0x2EB000,64,64,
AR,1,0x2EC000,64,64,
AR,1,0x2ED000,64,64,
AR,1,0x2EE000,64,64,
AR,1,0x2EF000,64,64,
AR,1,0x2F0000,64,64,
AR,1,0x2F1000,64,64,
AR,1,0x2F2000,64,64,
AR,1,0x2F3000,64,64,
AR,1,0x2F4000,64,64,
AR,1,0x2F5000,64,64,
AR,1,0x2F6000,64,64,
AR,1,0x2F7000,64,64,
AR,1,0x2F8000,64,64,
AR,1,0x2F9000,64,64,
AR,1,0x2FA000,64,64,
AR,1,0x2FB000,64,64,
AR,1,0x2FC000,64,64,
AR,1,0x2FD000,64,64,
AR,1,0x2FE000,64,64,
AR,1,0x2FF000,64,64,
BARRIER
AR,1,0x3C0000,64,64,
AR,1,0x3C1000,64,64,
AR,1,0x3C2000,64,64,
AR,1,0x3C3000,64,64,
AR,1,0x3C4000,64,64,
AR,1,0x3C5000,64,64,
AR,1,0x3C6000,64,64,
AR,1,0x3C7000,64,64,
AR,1,0x3C8000,64,64,
AR,1,0x3C9000,64,64,
AR,1,0x3CA000,64,64,
AR,1,0x3CB000,64,64,
AR,1,0x3CC000,64,64,
AR,1,0x3CD000,64,64,
AR,1,0x3CE000,64,64,
AR,1,0x3CF000,64,64,
AR,1,0x3D0000,64,64,
AR,1,0x3D1000,64,64,
AR,1,0x3D2000,64,64,
AR,1,0x3D3000,64,64,
AR,1,0x3D4000,64,64,
AR,1,0x3D5000,64,64,
AR,1,0x3D6000,64,64,
AR,1,0x3D7000,64,64,
AR,1,0x3D8000,64,64,
AR,1,0x3D9000,64,64,
AR,1,0x3DA000,64,64,
AR,1,0x3DB000,64,64,
AR,1,0x3DC000,64,64,
AR,1,0x3DD000,64,64,
AR,1,0x3DE000,64,64,
AR,1,0x3DF000,64,64,
AR,1,0x3E0000,64,64,
AR,1,0x3E1000,64,64,
AR,1,0x3E2000,64,64,
AR,1,0x3E3000,64,64,
AR,1,0x3E4000,64,64,
AR,1,0x3E5000,64,64,
AR,1,0x3E6000,64,64,
AR,1,0x3E7000,64,64,
AR,1,0x3E8000,64,64,
AR,1,0x3E9000,64,64,
AR,1,0x3EA000,64,64,
AR,1,0x3EB000,64,64,
AR,1,0x3EC000,64,64,
AR,1,0x3ED000,64,64,
AR,1,0x3EE000,64,64,
AR,1,0x3EF000,64,64,
AR,1,0x3F0000,64,64,
AR,1,0x3F1000,64,64,
AR,1,0x3F2000,64,64,
AR,1,0x3F3000,64,64,
AR,1,0x3F4000,64,64,
AR,1,0x3F5000,64,64,
AR,1,0x3F6000,64,64,
AR,1,0x3F7000,64,64,
AR,1,0x3F8000,64,64,
AR,1,0x3F9000,64,64,
AR,1,0x3FA000,64,64,
AR,1,0x3FB000,64,64,
AR,1,0x3FC000,64,64,
AR,1,0x3FD000,64,64,
AR,1,0x3FE000,64,64,
AR,1,0x3FF000,64,64,
BARRIER
AR,1,0x4C0000,64,64,
AR,1,0x4C1000,64,64,
AR,1,0x4C2000,64,64,
AR,1,0x4C3000,64,64,
AR,1,0x4C4000,64,64,
AR,1,0x4C5000,64,64,
AR,1,0x4C6000,64,64,
AR,1,0x4C7000,64,64,
AR,1,0x4C8000,64,64,
AR,1,0x4C9000,64,64,
AR,1,0x4CA000,64,64,
AR,1,0x4CB000,64,64,
AR,1,0x4CC000,64,64,
AR,1,0x4CD000,64,64,
AR,1,0x4CE000,64,64,
AR,1,0x4CF000,64,64,
AR,1,0x4D0000,64,64,
AR,1,0x4D1000,64,64,
AR,1,0x4D2000,64,64,
AR,1,0x4D3000,64,64,
AR,1,0x4D4000,64,64,
AR,1,0x4D5000,64,64,
AR,1,0x4D6000,64,64,
AR,1,0x4D7000,64,64,
AR,1,0x4D8000,64,64,
AR,1,0x4D9000,64,64,
AR,1,0x4DA000,64,64,
AR,1,0x4DB000,64,64,
AR,1,0x4DC000,64,64,
AR,1,0x4DD000,64,64,
AR,1,0x4DE000,64,64,
AR,1,0x4DF000,64,64,
AR,1,0x4E0000,64,64,
AR,1,0x4E1000,64,64,
AR,1,0x4E2000,64,64,
AR,1,0x4E3000,64,64,
AR,1,0x4E4000,64,64,
AR,1,0x4E5000,64,64,
AR,1,0x4E6000,64,64,
AR,1,0x4E7000,64,64,
AR,1,0x4E8000,64,64,
AR,1,0x4E9000,64,64,
AR,1,0x4EA000,64,64,
AR,1,0x4EB000,64,64,
AR,1,0x4EC000,64,64,
AR,1,0x4ED000,64,64,
AR,1,0x4EE000,64,64,
AR,1,0x4EF000,64,64,
AR,1,0x4F0000,64,64,
AR,1,0x4F1000,64,64,
AR,1,0x4F2000,64,64,
AR,1,0x4F3000,64,64,
AR,1,0x4F4000,64,64,
AR,1,0x4F5000,64,64,
AR,1,0x4F6000,64,64,
AR,1,0x4F7000,64,64,
AR,1,0x4F8000,64,64,
AR,1,0x4F9000,64,64,
AR,1,0x4FA000,64,64,
AR,1,0x4FB000,64,64,
AR,1,0x4FC000,64,64,
AR,1,0x4FD000,64,64,
AR,1,0x4FE000,64,64,
AR,1,0x4FF000,64,64,
BARRIER
AR,1,0x5C0000,64,64,
AR,1,0x5C1000,64,64,
AR,1,0x5C2000,64,64,
AR,1,0x5C3000,64,64,
AR,1,0x5C4000,64,64,
AR,1,0x5C5000,64,64,
AR,1,0x5C6000,64,64,
AR,1,0x5C7000,64,64,
AR,1,0x5C8000,64,64,
AR,1,0x5C9000,64,64,
AR,1,0x5CA000,64,64,
AR,1,0x5CB000,64,64,
AR,1,0x5CC000,64,64,
AR,1,0x5CD000,64,64,
AR,1,0x5CE000,64,64,
AR,1,0x5CF000,64,64,
AR,1,0x5D0000,64,64,
AR,1,0x5D1000,64,64,
AR,1,0x5D2000,64,64,
AR,1,0x5D3000,64,64,
AR,1,0x5D4000,64,64,
AR,1,0x5D5000,64,64,
AR,1,0x5D6000,64,64,
AR,1,0x5D7000,64,64,
AR,1,0x5D8000,64,64,
AR,1,0x5D9000,64,64,
AR,1,0x5DA000,64,64,
AR,1,0x5DB000,64,64,
AR,1,0x5DC000,64,64,
AR,1,0x5DD000,64,64,
AR,1,0x5DE000,64,64,
AR,1,0x5DF000,64,64,
AR,1,0x5E0000,64,64,
AR,1,0x5E1000,64,64,
AR,1,0x5E2000,64,64,
AR,1,0x5E3000,64,64,
AR,1,0x5E4000,64,64,
AR,1,0x5E5000,64,64,
AR,1,0x5E6000,64,64,
AR,1,0x5E7000,64,64,
AR,1,0x5E8000,64,64,
AR,1,0x5E9000,64,64,
AR,1,0x5EA000,64,64,
AR,1,0x5EB000,64,64,
AR,1,0x5EC000,64,64,
AR,1,0x5ED000,64,64,
AR,1,0x5EE000,64,64,
AR,1,0x5EF000,64,64,
AR,1,0x5F0000,64,64,
AR,1,0x5F1000,64,64,
AR,1,0x5F2000,64,64,
AR,1,0x5F3000,64,64,
AR,1,0x5F4000,64,64,
AR,1,0x5F5000,64,64,
AR,1,0x5F6000,64,64,
AR,1,0x5F7000,64,64,
AR,1,0x5F8000,64,64,
AR,1,0x5F9000,64,64,
AR,1,0x5FA000,64,64,
AR,1,0x5FB000,64,64,
AR,1,0x5FC000,64,64,
AR,1,0x5FD000,64,64,
AR,1,0x5FE000,64,64,
AR,1,0x5FF000,64,64,
BARRIER
AR,1,0x6C0000,64,64,
AR,1,0x6C1000,64,64,
AR,1,0x6C2000,64,64,
AR,1,0x6C3000,64,64,
AR,1,0x6C4000,64,64,
AR,1,0x6C5000,64,64,
AR,1,0x6C6000,64,64,
AR,1,0x6C7000,64,64,
AR,1,0x6C8000,64,64,
AR,1,0x6C9000,64,64,
AR,1,0x6CA000,64,64,
AR,1,0x6CB000,64,64,
AR,1,0x6CC000,64,64,
AR,1,0x6CD000,64,64,
AR,1,0x6CE000,64,64,
AR,1,0x6CF000,64,64,
AR,1,0x6D0000,64,64,
AR,1,0x6D1000,64,64,
AR,1,0x6D2000,64,64,
AR,1,0x6D3000,64,64,
AR,1,0x6D4000,64,64,
AR,1,0x6D5000,64,64,
AR,1,0x6D6000,64,64,
AR,1,0x6D7000,64,64,
AR,1,0x6D8000,64,64,
AR,1,0x6D9000,64,64,
AR,1,0x6DA000,64,64,
AR,1,0x6DB000,64,64,
AR,1,0x6DC000,64,64,
AR,1,0x6DD000,64,64,
AR,1,0x6DE000,64,64,
AR,1,0x6DF000,64,64,
AR,1,0x6E0000,64,64,
AR,1,0x6E1000,64,64,
AR,1,0x6E2000,64,64,
AR,1,0x6E3000,64,64,
AR,1,0x6E4000,64,64,
AR,1,0x6E5000,64,64,
AR,1,0x6E6000,64,64,
AR,1,0x6E7000,64,64,
AR,1,0x6E8000,64,64,
AR,1,0x6E9000,64,64,
AR,1,0x6EA000,64,64,
AR,1,0x6EB000,64,64,
AR,1,0x6EC000,64,64,
AR,1,0x6ED000,64,64,
AR,1,0x6EE000,64,64,
AR,1,0x6EF000,64,64,
AR,1,0x6F0000,64,64,
AR,1,0x6F1000,64,64,
AR,1,0x6F2000,64,64,
AR,1,0x6F3000,64,64,
AR,1,0x6F4000,64,64,
AR,1,0x6F5000,64,64,
AR,1,0x6F6000,64,64,
AR,1,0x6F7000,64,64,
AR,1,0x6F8000,64,64,
AR,1,0x6F9000,64,64,
AR,1,0x6FA000,64,64,
AR,1,0x6FB000,64,64,
AR,1,0x6FC000,64,64,
AR,1,0x6FD000,64,64,
AR,1,0x6FE000,64,64,
AR,1,0x6FF000,64,64,
BARRIER
AR,1,0x7C0000,64,64,
AR,1,0x7C1000,64,64,
AR,1,0x7C2000,64,64,
AR,1,0x7C3000,64,64,
AR,1,0x7C4000,64,64,
AR,1,0x7C5000,64,64,
AR,1,0x7C6000,64,64,
AR,1,0x7C7000,64,64,
AR,1,0x7C8000,64,64,
AR,1,0x7C9000,64,64,
AR,1,0x7CA000,64,64,
AR,1,0x7CB000,64,64,
AR,1,0x7CC000,64,64,
AR,1,0x7CD000,64,64,
AR,1,0x7CE000,64,64,
AR,1,0x7CF000,64,64,
AR,1,0x7D0000,64,64,
AR,1,0x7D1000,64,64,
AR,1,0x7D2000,64,64,
AR,1,0x7D3000,64,64,
AR,1,0x7D4000,64,64,
AR,1,0x7D5000,64,64,
AR,1,0x7D6000,64,64,
AR,1,0x7D7000,64,64,
AR,1,0x7D8000,64,64,
AR,1,0x7D9000,64,64,
AR,1,0x7DA000,64,64,
AR,1,0x7DB000,64,64,
AR,1,0x7DC000,64,64,
AR,1,0x7DD000,64,64,
AR,1,0x7DE000,64,64,
AR,1,0x7DF000,64,64,
AR,1,0x7E0000,64,64,
AR,1,0x7E1000,64,64,
AR,1,0x7E2000,64,64,
AR,1,0x7E3000,64,64,
AR,1,0x7E4000,64,64,
AR,1,0x7E5000,64,64,
AR,1,0x7E6000,64,64,
AR,1,0x7E7000,64,64,
AR,1,0x7E8000,64,64,
AR,1,0x7E9000,64,64,
AR,1,0x7EA000,64,64,
AR,1,0x7EB000,64,64,
AR,1,0x7EC000,64,64,
AR,1,0x7ED000,64,64,
AR,1,0x7EE000,64,64,
AR,1,0x7EF000,64,64,
AR,1,0x7F0000,64,64,
AR,1,0x7F1000,64,64,
AR,1,0x7F2000,64,64,
AR,1,0x7F3000,64,64,
AR,1,0x7F4000,64,64,
AR,1,0x7F5000,64,64,
AR,1,0x7F6000,64,64,
AR,1,0x7F7000,64,64,
AR,1,0x7F8000,64,64,
AR,1,0x7F9000,64,64,
AR,1,0x7FA000,64,64,
AR,1,0x7FB000,64,64,
AR,1,0x7FC000,64,64,
AR,1,0x7FD000,64,64,
AR,1,0x7FE000,64,64,
AR,1,0x7FF000,64,64,
BARRIER
AR,1,0x8C0000,64,64,
AR,1,0x8C1000,64,64,
AR,1,0x8C2000,64,64,
AR,1,0x8C3000,64,64,
AR,1,0x8C4000,64,64,
AR,1,0x8C5000,64,64,
AR,1,0x8C6000,64,64,
AR,1,0x8C7000,64,64,
AR,1,0x8C8000,64,64,
AR,1,0x8C9000,64,64,
AR,1,0x8CA000,64,64,
AR,1,0x8CB000,64,64,
AR,1,0x8CC000,64,64,
AR,1,0x8CD000,64,64,
AR,1,0x8CE000,64,64,
AR,1,0x8CF000,64,64,
AR,1,0x8D0000,64,64,
AR,1,0x8D1000,64,64,
AR,1,0x8D2000,64,64,
AR,1,0x8D3000,64,64,
AR,1,0x8D4000,64,64,
AR,1,0x8D5000,64,64,
AR,1,0x8D6000,64,64,
AR,1,0x8D7000,64,64,
AR,1,0x8D8000,64,64,
AR,1,0x8D9000,64,64,
AR,1,0x8DA000,64,64,
AR,1,0x8DB000,64,64,
AR,1,0x8DC000,64,64,
AR,1,0x8DD000,64,64,
AR,1,0x8DE000,64,64,
AR,1,0x8DF000,64,64,
AR,1,0x8E0000,64,64,
AR,1,0x8E1000,64,64,
AR,1,0x8E2000,64,64,
AR,1,0x8E3000,64,64,
AR,1,0x8E4000,64,64,
AR,1,0x8E5000,64,64,
AR,1,0x8E6000,64,64,
AR,1,0x8E7000,64,64,
AR,1,0x8E8000,64,64,
AR,1,0x8E9000,64,64,
AR,1,0x8EA000,64,64,
AR,1,0x8EB000,64,64,
AR,1,0x8EC000,64,64,
AR,1,0x8ED000,64,64,
AR,1,0x8EE000,64,64,
AR,1,0x8EF000,64,64,
AR,1,0x8F0000,64,64,
AR,1,0x8F1000,64,64,
AR,1,0x8F2000,64,64,
AR,1,0x8F3000,64,64,
AR,1,0x8F4000,64,64,
AR,1,0x8F5000,64,64,
AR,1,0x8F6000,64,64,
AR,1,0x8F7000,64,64,
AR,1,0x8F8000,64,64,
AR,1,0x8F9000,64,64,
AR,1,0x8FA000,64,64,
AR,1,0x8FB000,64,64,
AR,1,0x8FC000,64,64,
AR,1,0x8FD000,64,64,
AR,1,0x8FE000,64,64,
AR,1,0x8FF000,64,64,
BARRIER
AR,1,0x9C0000,64,64,
AR,1,0x9C1000,64,64,
AR,1,0x9C2000,64,64,
AR,1,0x9C3000,64,64,
AR,1,0x9C4000,64,64,
AR,1,0x9C5000,64,64,
AR,1,0x9C6000,64,64,
AR,1,0x9C7000,64,64,
AR,1,0x9C8000,64,64,
AR,1,0x9C9000,64,64,
AR,1,0x9CA000,64,64,
AR,1,0x9CB000,64,64,
AR,1,0x9CC000,64,64,
AR,1,0x9CD000,64,64,
AR,1,0x9CE000,64,64,
AR,1,0x9CF000,64,64,
AR,1,0x9D0000,64,64,
AR,1,0x9D1000,64,64,
AR,1,0x9D2000,64,64,
AR,1,0x9D3000,64,64,
AR,1,0x9D4000,64,64,
AR,1,0x9D5000,64,64,
AR,1,0x9D6000,64,64,
AR,1,0x9D7000,64,64,
AR,1,0x9D8000,64,64,
AR,1,0x9D9000,64,64,
AR,1,0x9DA000,64,64,
AR,1,0x9DB000,64,64,
AR,1,0x9DC000,64,64,
AR,1,0x9DD000,64,64,
AR,1,0x9DE000,64,64,
AR,1,0x9DF000,64,64,
AR,1,0x9E0000,64,64,
AR,1,0x9E1000,64,64,
AR,1,0x9E2000,64,64,
AR,1,0x9E3000,64,64,
AR,1,0x9E4000,64,64,
AR,1,0x9E5000,64,64,
AR,1,0x9E6000,64,64,
AR,1,0x9E7000,64,64,
AR,1,0x9E8000,64,64,
AR,1,0x9E9000,64,64,
AR,1,0x9EA000,64,64,
AR,1,0x9EB000,64,64,
AR,1,0x9EC000,64,64,
AR,1,0x9ED000,64,64,
AR,1,0x9EE000,64,64,
AR,1,0x9EF000,64,64,
AR,1,0x9F0000,64,64,
AR,1,0x9F1000,64,64,
AR,1,0x9F2000,64,64,
AR,1,0x9F3000,64,64,
AR,1,0x9F4000,64,64,
AR,1,0x9F5000,64,64,
AR,1,0x9F6000,64,64,
AR,1,0x9F7000,64,64,
AR,1,0x9F8000,64,64,
AR,1,0x9F9000,64,64,
AR,1,0x9FA000,64,64,
AR,1,0x9FB000,64,64,
AR,1,0x9FC000,64,64,
AR,1,0x9FD000,64,64,
AR,1,0x9FE000,64,64,
AR,1,0x9FF000,64,64,
BARRIER
AR,1,0xAC0000,64,64,
AR,1,0xAC1000,64,64,
AR,1,0xAC2000,64,64,
AR,1,0xAC3000,64,64,
AR,1,0xAC4000,64,64,
AR,1,0xAC5000,64,64,
AR,1,0xAC6000,64,64,
AR,1,0xAC7000,64,64,
AR,1,0xAC8000,64,64,
AR,1,0xAC9000,64,64,
AR,1,0xACA000,64,64,
AR,1,0xACB000,64,64,
AR,1,0xACC000,64,64,
AR,1,0xACD000,64,64,
AR,1,0xACE000,64,64,
AR,1,0xACF000,64,64,
AR,1,0xAD0000,64,64,
AR,1,0xAD1000,64,64,
AR,1,0xAD2000,64,64,
AR,1,0xAD3000,64,64,
AR,1,0xAD4000,64,64,
AR,1,0xAD5000,64,64,
AR,1,0xAD6000,64,64,
AR,1,0xAD7000,64,64,
AR,1,0xAD8000,64,64,
AR,1,0xAD9000,64,64,
AR,1,0xADA000,64,64,
AR,1,0xADB000,64,64,
AR,1,0xADC000,64,64,
AR,1,0xADD000,64,64,
AR,1,0xADE000,64,64,
AR,1,0xADF000,64,64,
AR,1,0xAE0000,64,64,
AR,1,0xAE1000,64,64,
AR,1,0xAE2000,64,64,
AR,1,0xAE3000,64,64,
AR,1,0xAE4000,64,64,
AR,1,0xAE5000,64,64,
AR,1,0xAE6000,64,64,
AR,1,0xAE7000,64,64,
AR,1,0xAE8000,64,64,
AR,1,0xAE9000,64,64,
AR,1,0xAEA000,64,64,
AR,1,0xAEB000,64,64,
AR,1,0xAEC000,64,64,
AR,1,0xAED000,64,64,
AR,1,0xAEE000,64,64,
AR,1,0xAEF000,64,64,
AR,1,0xAF0000,64,64,
AR,1,0xAF1000,64,64,
AR,1,0xAF2000,64,64,
AR,1,0xAF3000,64,64,
AR,1,0xAF4000,64,64,
AR,1,0xAF5000,64,64,
AR,1,0xAF6000,64,64,
AR,1,0xAF7000,64,64,
AR,1,0xAF8000,64,64,
AR,1,0xAF9000,64,64,
AR,1,0xAFA000,64,64,
AR,1,0xAFB000,64,64,
AR,1,0xAFC000,64,64,
AR,1,0xAFD000,64,64,
AR,1,0xAFE000,64,64,
AR,1,0xAFF000,64,64,
BARRIER
AR,1,0xBC0000,64,64,
AR,1,0xBC1000,64,64,
AR,1,0xBC2000,64,64,
AR,1,0xBC3000,64,64,
AR,1,0xBC4000,64,64,
AR,1,0xBC5000,64,64,
AR,1,0xBC6000,64,64,
AR,1,0xBC7000,64,64,
AR,1,0xBC8000,64,64,
AR,1,0xBC9000,64,64,
AR,1,0xBCA000,64,64,
AR,1,0xBCB000,64,64,
AR,1,0xBCC000,64,64,
AR,1,0xBCD000,64,64,
AR,1,0xBCE000,64,64,
AR,1,0xBCF000,64,64,
AR,1,0xBD0000,64,64,
AR,1,0xBD1000,64,64,
AR,1,0xBD2000,64,64,
AR,1,0xBD3000,64,64,
AR,1,0xBD4000,64,64,
AR,1,0xBD5000,64,64,
AR,1,0xBD6000,64,64,
AR,1,0xBD7000,64,64,
AR,1,0xBD8000,64,64,
AR,1,0xBD9000,64,64,
AR,1,0xBDA000,64,64,
AR,1,0xBDB000,64,64,
AR,1,0xBDC000,64,64,
AR,1,0xBDD000,64,64,
AR,1,0xBDE000,64,64,
AR,1,0xBDF000,64,64,
AR,1,0xBE0000,64,64,
AR,1,0xBE1000,64,64,
AR,1,0xBE2000,64,64,
AR,1,0xBE3000,64,64,
AR,1,0xBE4000,64,64,
AR,1,0xBE5000,64,64,
AR,1,0xBE6000,64,64,
AR,1,0xBE7000,64,64,
AR,1,0xBE8000,64,64,
AR,1,0xBE9000,64,64,
AR,1,0xBEA000,64,64,
AR,1,0xBEB000,64,64,
AR,1,0xBEC000,64,64,
AR,1,0xBED000,64,64,
AR,1,0xBEE000,64,64,
AR,1,0xBEF000,64,64,
AR,1,0xBF0000,64,64,
AR,1,0xBF1000,64,64,
AR,1,0xBF2000,64,64,
AR,1,0xBF3000,64,64,
AR,1,0xBF4000,64,64,
AR,1,0xBF5000,64,64,
AR,1,0xBF6000,64,64,
AR,1,0xBF7000,64,64,
AR,1,0xBF8000,64,64,
AR,1,0xBF9000,64,64,
AR,1,0xBFA000,64,64,
AR,1,0xBFB000,64,64,
AR,1,0xBFC000,64,64,
AR,1,0xBFD000,64,64,
AR,1,0xBFE000,64,64,
AR,1,0xBFF000,64,64,
BARRIER
AR,1,0xCC0000,64,64,
AR,1,0xCC1000,64,64,
AR,1,0xCC2000,64,64,
AR,1,0xCC3000,64,64,
AR,1,0xCC4000,64,64,
AR,1,0xCC5000,64,64,
AR,1,0xCC6000,64,64,
AR,1,0xCC7000,64,64,
AR,1,0xCC8000,64,64,
AR,1,0xCC9000,64,64,
AR,1,0xCCA000,64,64,
AR,1,0xCCB000,64,64,
AR,1,0xCCC000,64,64,
AR,1,0xCCD000,64,64,
AR,1,0xCCE000,64,64,
AR,1,0xCCF000,64,64,
AR,1,0xCD0000,64,64,
AR,1,0xCD1000,64,64,
AR,1,0xCD2000,64,64,
AR,1,0xCD3000,64,64,
AR,1,0xCD4000,64,64,
AR,1,0xCD5000,64,64,
AR,1,0xCD6000,64,64,
AR,1,0xCD7000,64,64,
AR,1,0xCD8000,64,64,
AR,1,0xCD9000,64,64,
AR,1,0xCDA000,64,64,
AR,1,0xCDB000,64,64,
AR,1,0xCDC000,64,64,
AR,1,0xCDD000,64,64,
AR,1,0xCDE000,64,64,
AR,1,0xCDF000,64,64,
AR,1,0xCE0000,64,64,
AR,1,0xCE1000,64,64,
AR,1,0xCE2000,64,64,
AR,1,0xCE3000,64,64,
AR,1,0xCE4000,64,64,
AR,1,0xCE5000,64,64,
AR,1,0xCE6000,64,64,
AR,1,0xCE7000,64,64,
AR,1,0xCE8000,64,64,
AR,1,0xCE9000,64,64,
AR,1,0xCEA000,64,64,
AR,1,0xCEB000,64,64,
AR,1,0xCEC000,64,64,
AR,1,0xCED000,64,64,
AR,1,0xCEE000,64,64,
AR,1,0xCEF000,64,64,
AR,1,0xCF0000,64,64,
AR,1,0xCF1000,64,64,
AR,1,0xCF2000,64,64,
AR,1,0xCF3000,64,64,
AR,1,0xCF4000,64,64,
AR,1,0xCF5000,64,64,
AR,1,0xCF6000,64,64,
AR,1,0xCF7000,64,64,
AR,1,0xCF8000,64,64,
AR,1,0xCF9000,64,64,
AR,1,0xCFA000,64,64,
AR,1,0xCFB000,64,64,
AR,1,0xCFC000,64,64,
AR,1,0xCFD000,64,64,
AR,1,0xCFE000,64,64,
AR,1,0xCFF000,64,64,
BARRIER
AR,1,0xDC0000,64,64,
AR,1,0xDC1000,64,64,
AR,1,0xDC2000,64,64,
AR,1,0xDC3000,64,64,
AR,1,0xDC4000,64,64,
AR,1,0xDC5000,64,64,
AR,1,0xDC6000,64,64,
AR,1,0xDC7000,64,64,
AR,1,0xDC8000,64,64,
AR,1,0xDC9000,64,64,
AR,1,0xDCA000,64,64,
AR,1,0xDCB000,64,64,
AR,1,0xDCC000,64,64,
AR,1,0xDCD000,64,64,
AR,1,0xDCE000,64,64,
AR,1,0xDCF000,64,64,
AR,1,0xDD0000,64,64,
AR,1,0xDD1000,64,64,
AR,1,0xDD2000,64,64,
AR,1,0xDD3000,64,64,
AR,1,0xDD4000,64,64,
AR,1,0xDD5000,64,64,
AR,1,0xDD6000,64,64,
AR,1,0xDD7000,64,64,
AR,1,0xDD8000,64,64,
AR,1,0xDD9000,64,64,
AR,1,0xDDA000,64,64,
AR,1,0xDDB000,64,64,
AR,1,0xDDC000,64,64,
AR,1,0xDDD000,64,64,
AR,1,0xDDE000,64,64,
AR,1,0xDDF000,64,64,
AR,1,0xDE0000,64,64,
AR,1,0xDE1000,64,64,
AR,1,0xDE2000,64,64,
AR,1,0xDE3000,64,64,
AR,1,0xDE4000,64,64,
AR,1,0xDE5000,64,64,
AR,1,0xDE6000,64,64,
AR,1,0xDE7000,64,64,
AR,1,0xDE8000,64,64,
AR,1,0xDE9000,64,64,
AR,1,0xDEA000,64,64,
AR,1,0xDEB000,64,64,
AR,1,0xDEC000,64,64,
AR,1,0xDED000,64,64,
AR,1,0xDEE000,64,64,
AR,1,0xDEF000,64,64,
AR,1,0xDF0000,64,64,
AR,1,0xDF1000,64,64,
AR,1,0xDF2000,64,64,
AR,1,0xDF3000,64,64,
AR,1,0xDF4000,64,64,
AR,1,0xDF5000,64,64,
AR,1,0xDF6000,64,64,
AR,1,0xDF7000,64,64,
AR,1,0xDF8000,64,64,
AR,1,0xDF9000,64,64,
AR,1,0xDFA000,64,64,
AR,1,0xDFB000,64,64,
AR,1,0xDFC000,64,64,
AR,1,0xDFD000,64,64,
AR,1,0xDFE000,64,64,
AR,1,0xDFF000,64,64,
BARRIER
AR,1,0xEC0000,64,64,
AR,1,0xEC1000,64,64,
AR,1,0xEC2000,64,64,
AR,1,0xEC3000,64,64,
AR,1,0xEC4000,64,64,
AR,1,0xEC5000,64,64,
AR,1,0xEC6000,64,64,
AR,1,0xEC7000,64,64,
AR,1,0xEC8000,64,64,
AR,1,0xEC9000,64,64,
AR,1,0xECA000,64,64,
AR,1,0xECB000,64,64,
AR,1,0xECC000,64,64,
AR,1,0xECD000,64,64,
AR,1,0xECE000,64,64,
AR,1,0xECF000,64,64,
AR,1,0xED0000,64,64,
AR,1,0xED1000,64,64,
AR,1,0xED2000,64,64,
AR,1,0xED3000,64,64,
AR,1,0xED4000,64,64,
AR,1,0xED5000,64,64,
AR,1,0xED6000,64,64,
AR,1,0xED7000,64,64,
AR,1,0xED8000,64,64,
AR,1,0xED9000,64,64,
AR,1,0xEDA000,64,64,
AR,1,0xEDB000,64,64,
AR,1,0xEDC000,64,64,
AR,1,0xEDD000,64,64,
AR,1,0xEDE000,64,64,
AR,1,0xEDF000,64,64,
AR,1,0xEE0000,64,64,
AR,1,0xEE1000,64,64,
AR,1,0xEE2000,64,64,
AR,1,0xEE3000,64,64,
AR,1,0xEE4000,64,64,
AR,1,0xEE5000,64,64,
AR,1,0xEE6000,64,64,
AR,1,0xEE7000,64,64,
AR,1,0xEE8000,64,64,
AR,1,0xEE9000,64,64,
AR,1,0xEEA000,64,64,
AR,1,0xEEB000,64,64,
AR,1,0xEEC000,64,64,
AR,1,0xEED000,64,64,
AR,1,0xEEE000,64,64,
AR,1,0xEEF000,64,64,
AR,1,0xEF0000,64,64,
AR,1,0xEF1000,64,64,
AR,1,0xEF2000,64,64,
AR,1,0xEF3000,64,64,
AR,1,0xEF4000,64,64,
AR,1,0xEF5000,64,64,
AR,1,0xEF6000,64,64,
AR,1,0xEF7000,64,64,
AR,1,0xEF8000,64,64,
AR,1,0xEF9000,64,64,
AR,1,0xEFA000,64,64,
AR,1,0xEFB000,64,64,
AR,1,0xEFC000,64,64,
AR,1,0xEFD000,64,64,
AR,1,0xEFE000,64,64,
AR,1,0xEFF000,64,64,
BARRIER
AR,1,0xFC0000,64,64,
AR,1,0xFC1000,64,64,
AR,1,0xFC2000,64,64,
AR,1,0xFC3000,64,64,
AR,1,0xFC4000,64,64,
AR,1,0xFC5000,64,64,
AR,1,0xFC6000,64,64,
AR,1,0xFC7000,64,64,
AR,1,0xFC8000,64,64,
AR,1,0xFC9000,64,64,
AR,1,0xFCA000,64,64,
AR,1,0xFCB000,64,64,
AR,1,0xFCC000,64,64,
AR,1,0xFCD000,64,64,
AR,1,0xFCE000,64,64,
AR,1,0xFCF000,64,64,
AR,1,0xFD0000,64,64,
AR,1,0xFD1000,64,64,
AR,1,0xFD2000,64,64,
AR,1,0xFD3000,64,64,
AR,1,0xFD4000,64,64,
AR,1,0xFD5000,64,64,
AR,1,0xFD6000,64,64,
AR,1,0xFD7000,64,64,
AR,1,0xFD8000,64,64,
AR,1,0xFD9000,64,64,
AR,1,0xFDA000,64,64,
AR,1,0xFDB000,64,64,
AR,1,0xFDC000,64,64,
AR,1,0xFDD000,64,64,
AR,1,0xFDE000,64,64,
AR,1,0xFDF000,64,64,
AR,1,0xFE0000,64,64,
AR,1,0xFE1000,64,64,
AR,1,0xFE2000,64,64,
AR,1,0xFE3000,64,64,
AR,1,0xFE4000,64,64,
AR,1,0xFE5000,64,64,
AR,1,0xFE6000,64,64,
AR,1,0xFE7000,64,64,
AR,1,0xFE8000,64,64,
AR,1,0xFE9000,64,64,
AR,1,0xFEA000,64,64,
AR,1,0xFEB000,64,64,
AR,1,0xFEC000,64,64,
AR,1,0xFED000,64,64,
AR,1,0xFEE000,64,64,
AR,1,0xFEF000,64,64,
AR,1,0xFF0000,64,64,
AR,1,0xFF1000,64,64,
AR,1,0xFF2000,64,64,
AR,1,0xFF3000,64,64,
AR,1,0xFF4000,64,64,
AR,1,0xFF5000,64,64,
AR,1,0xFF6000,64,64,
AR,1,0xFF7000,64,64,
AR,1,0xFF8000,64,64,
AR,1,0xFF9000,64,64,
AR,1,0xFFA000,64,64,
AR,1,0xFFB000,64,64,
AR,1,0xFFC000,64,64,
AR,1,0xFFD000,64,64,
AR,1,0xFFE000,64,64,
AR,1,0xFFF000,64,64,
BARRIER
